case,prob_id,type,a,b,expected,label,vampire,z3,pass,note,fp_semantics
Case1_SharedHub,E4_C1_01,conflict,westernEurope,easternEurope,Theorem,TRUE-CONFLICT,Theorem,,True,D1 root pair wE‚ä•eE,shared_hub
Case1_SharedHub,E4_C1_02,conflict,germany,france,Theorem,TRUE-CONFLICT,Theorem,,True,D1 sibling de‚ä•fr,shared_hub
Case1_SharedHub,E4_C1_03,conflict,germany,poland,Theorem,TRUE-CONFLICT,Theorem,,True,D2 cross-region de‚ÜíwE‚ä•eE‚Üêpl,shared_hub
Case1_SharedHub,E4_C1_04,conflict,bavaria,czechia,Theorem,TRUE-CONFLICT,Theorem,,True,D3 chain bav‚Üíde‚ÜíwE‚ä•eE‚Üêcz,shared_hub
Case1_SharedHub,E4_C1_05,conflict,italy,easternEurope,Theorem,TRUE-CONFLICT,Theorem,,True,D2 it‚ÜíwE‚ä•eE,shared_hub
Case1_SharedHub,E4_C1_06,compat,germany,westernEurope,Theorem,TRUE-COMPAT,Theorem,,True,subsumption de‚â§wE,shared_hub
Case1_SharedHub,E4_C1_07,compat,bavaria,europe,Theorem,TRUE-COMPAT,Theorem,,True,chain bav‚â§de‚â§wE‚â§eu,shared_hub
Case1_SharedHub,E4_C1_08,compat,germany,westernEurope,Theorem,TRUE-COMPAT,Theorem,,True,universal subsumption ‚Üìde‚äÜ‚ÜìwE,shared_hub
Case1_SharedHub,E4_C1_09,compat,germany,europe,Theorem,TRUE-COMPAT,Theorem,,True,3-way chain de‚â§wE‚â§eu,shared_hub
Case1_SharedHub,E4_C1_10,compat,bavaria,westernEurope,Theorem,TRUE-COMPAT,Theorem,,True,universal bav‚â§de‚â§wE,shared_hub
Case2_AsymmetricKB,E4_C2_01,conflict,germany,poland,Theorem,TRUE-CONFLICT,Theorem,,True,"de‚â§wE, pl‚â§eE, root wE‚ä•eE ‚Äî KB_B sufficient",asymmetric_consumer_grounded
Case2_AsymmetricKB,E4_C2_02,conflict,westernEurope,easternEurope,Theorem,TRUE-CONFLICT,Theorem,,True,root pair ‚Äî directly in KB_B,asymmetric_consumer_grounded
Case2_AsymmetricKB,E4_C2_03,conflict,france,czechia,Theorem,TRUE-CONFLICT,Theorem,,True,"fr‚â§wE, cz‚â§eE, root wE‚ä•eE ‚Äî KB_B sufficient",asymmetric_consumer_grounded
Case2_AsymmetricKB,E4_C2_04,conflict,bavaria,poland,Theorem,TRUE-CONFLICT,Theorem,,True,"bav‚â§de‚â§wE, pl‚â§eE, root ‚Äî KB_B sufficient",asymmetric_consumer_grounded
Case2_AsymmetricKB,E4_C2_05,conflict,italy,easternEurope,Theorem,TRUE-CONFLICT,Theorem,,True,"it‚â§wE, root wE‚ä•eE ‚Äî KB_B sufficient",asymmetric_consumer_grounded
Case2_AsymmetricKB,E4_C2_06,conflict,germany,france,Unknown,FP-RISK‚ÜíOK,Unknown,,True,"de‚ä•fr: KB_A only; KB_B both‚â§wE, no sibling",asymmetric_consumer_grounded
Case2_AsymmetricKB,E4_C2_07,conflict,belgium,spain,Unknown,FP-RISK‚ÜíOK,Unknown,,True,"be‚ä•es: KB_A only; KB_B both‚â§wE, no sibling",asymmetric_consumer_grounded
Case2_AsymmetricKB,E4_C2_08,conflict,poland,czechia,Unknown,FP-RISK‚ÜíOK,Unknown,,True,"pl‚ä•cz: KB_A only; KB_B both‚â§eE, no sibling",asymmetric_consumer_grounded
Case2_AsymmetricKB,E4_C2_09,conflict,bavaria,france,Unknown,FP-RISK‚ÜíOK,Unknown,,True,bav‚ä•fr: KB_A only via bav‚â§de‚ä•fr; KB_B no de‚ä•fr,asymmetric_consumer_grounded
Case2_AsymmetricKB,E4_C2_10,conflict,netherlands,spain,Unknown,FP-RISK‚ÜíOK,Unknown,,True,"nl‚ä•es: KB_A only; KB_B both‚â§wE, no sibling",asymmetric_consumer_grounded
